array.f90,.120771481
array_fail.f90,.133236866
compound.f90,.194826455
compound_fail_2.f90,.280655611
compound_fail.f90,.332378602
compute.f90,.116940179
compute_fail.f90,.127672551
fib.f90,.228923193
fib_fail_2.f90,.333629934
fib_fail.f90,.328451307
forloop.f90,.153983465
forloop_fail.f90,.185762858
function.f90,.162698947
function_fail_2.f90,.209727642
function_fail_3.f90,.214749269
function_fail.f90,.187514019
hello.f90,.108475663
hello_fail.f90,.129430814
inout.f90,.123003852
inout_fail.f90,.169853581
pointer.f90,.134331663
pointer_fail.f90,.169037857
